Index,artist_name,track_name,release_date,genre,lyrics
31nfdEooLEq7dn3UMcIeB5,BENNETT,Vois sur ton chemin - Techno Mix,2023,hypertechno techno,"9 ContributorsTranslationsEnglishDeutschVois sur ton chemin (Techno Mix) Lyrics[Paroles de ""Vois sur ton chemin (Techno Mix)""]

[Couplet 1]
Vois sur ton chemin
Gamins oubliés égarés
Donne-leur la main pour les mener
Vers d'autres lendemains

[Pre-Refrain]
Donne-leur la main pour les mener
Vers d’autres lendemains

[Refrain]
Sens au cœur de la nuit (Sens au cœur de la nuit)
L'onde d'espoir
Ardeur de la vie (L’onde d'espoir)
Sentier de gloire

[Post-Refrain]
Ardeur de la vie, de la vie
Sentier de gloirе, sentier de gloirе

[Couplet 2]
Bonheurs enfantins
Trop vite oubliés, effacés
Une lumière dorée brille sans fin
Tout au bout du chemin


[Pre-Refrain]
Vite oubliés effacés
Une lumière dorée brille sans fin

[Refrain]
Sens, au cœur de la nuit (Sens au cœur de la nuit)
L'onde d'espoir
Sens, au cœur de la nuit (Sens au cœur de la nuit)
L'onde d'espoir
Sens, au cœur de la nuit (Sens au cœur de la nuit)
L'onde d'espoir
Sens, au cœur de la nuit (Sens au cœur de la nuit)
L’onde d’espoir
Sens, au cœur de la nuit (Sens au cœur de la nuit)
L'onde d’espoir
Sens, au cœur de la nuit (Sens au cœur de la nuit)
L'onde d'espoir
Sens, au cœur de la nuit (Sens au cœur de la nuit)
L'onde d’espoir
Ardeur de la vie (L'onde d'espoir)
Sentier de gloire

[Post-Refrain]
Ardeur de la vie, de la vie
Sentier de gloire, sentier de gloire


[Couplet 3]
Vois sur ton chemin
Gamins oubliés, égarés
Donne-leur la main pour les mener
Vers d'autres lendemains

[Pre-Refrain]
Donne-leur la main pour les mener
Vers d'autres lendemains

[Refrain]
Sens, au cœur de la nuit (Sens au cœur de la nuit)
L'onde d'espoir
Sens, au cœur de la nuit (Sens au cœur de la nuit)
L'onde d'espoir
Sens, au cœur de la nuit (Sens au cœur de la nuit)
L'onde d'espoir
Sens, au cœur de la nuit (Sens au cœur de la nuit)
L'onde d'espoir
Sens, au cœur de la nuit (Sens au cœur de la nuit)
L'onde d'espoir
Sens, au cœur de la nuit (Sens au cœur de la nuit)
L'onde d'espoir
Sens, au cœur de la nuit (Sens au cœur de la nuit)
L'onde d'espoir
Ardeur de la vie (L'onde d'espoir)
Sentier de gloire


[Couplet 4]
Vois sur ton chemin
Gamins oubliés, égarés
Donne-leur la main pour les mener
Vers d'autres lendemains

[Pre-Refrain]
Donne-leur la main pour les mener
Vers d'autres lendemains

[Refrain]
Sens au cœur de la nuit (Sens au cœur de la nuit)
L'onde d'espoir
Ardeur de la vie (L'onde d'espoir)
Sentier de gloire
Sens au cœur de la nuit (Sens au cœur de la nuit)
L'onde d'espoir
Ardeur de la vie (L'onde d'espoir)
Sentier de

[Instrumental Outro]"
3AjSfp5FDvwtMU9XBsbS8j,Creeds,Push Up - Main Edit,2023,techno hard techno hypertechno tekno,Lyrics not found
4d8rAz6gWPJ5Vq516k2kac,ILYAA,Bla Bla Bla,2024,hypertechno techno,"7 ContributorsБЛА-БЛА (BLA-BLA) Lyrics[Текст песни «БЛА-БЛА»]

[Припев]
Для копов чист, как после стирки
Курнул медленный - улитка
Вместо со своей малыхой (бла-бла-бла)
Зашёл в неё, словно в калитку
Стиль на бит кладу я плиткой
Тихо проважаю weekend
Для копов чист, как после стирки
Курнул медленный - улитка
Вместо со своей малыхой (бла-бла-бла)
Зашёл в неё, словно в калитку
Стиль на бит кладу я плиткой
Тихо проважаю weekend (бла-бла-бла)
Бла-бла-бла, много говорят
К чёрту базар, давай за дела
Кручу level up, очень вкусный drug
Жизнь это игра, заберу донат

[Куплет]
Назови trap страной, я её посол
Зашёл в 7 ровно, ты зашёл пластом
Быть N-Тайпом сложно, ведь я слишком простой
Набираю скорость, lame кричит мне: ""Постой""
Я бабулька, а мой трэп для вас как вкусный бульон
Мои люди это внуки, накормлю им район
Много суток с микрофоном, хочу новый Lambo
И ублюдок что пиздел, получит в морду оплом
Дым косого для меня вода, зови меня рыба
Её жопа меня манит видом, сочный мандарин
Почему вы такие злые, подари улыбку
Назови этот биточек транс, еду на Балите
Бегу за up, пока тим падал
И свой первый панч, я писал на парте
В меня верил папа, в меня верит мама
Со мной моя банда, большего не надо


[Припев]
Для копов чист, как после стирки
Курнул медленный, улитка
Вместо со своей малыхой(бла-бла-бла)
Зашёл в неё, словно в калитку
Стиль набит, кладу я плиткой
Тихо проважаю weekend (бла-бла-бла)
Бла-бла-бла, много говорят
К чёрту базар, давай за дела
Кручу level up, очень вкусный drug
Жизнь это игра, заберу донат"
1cQld05IcUDw3RCFt7uymW,Eli Brown,Be The One,2023,techno tech house,"4 ContributorsBe The One Lyrics[Chorus]
I know that you're lonely, want someone to hold me
You know I could be the one for you
I know you've been lonely, want someone to hold me
Thinking I could be the one for you

[Build]
I know that you're lonely, want someone to hold me
You know I could be the one for you
I know you've been lonely, want someone to hold me
Thinking I could be the one for you

[Drop]
I know that you're lonely, want someone to hold me
You know I could be the one for you
I know you've been lonely, want someone to hold me
Thinking I could be the one for you
I know that you're lonely, want someone to hold me
You know I could be the one for you
I know you've been lonely, want someone to hold me
Thinking I could be the one for you

[Chorus]
I know that you're lonely, want someone to hold me
You know I could be the one for you
I know you've been lonely, want someone to hold me
Thinking I could be the one for you


[Post-Chorus]
I know that you're lonely, want someone to hold me
You know I could be the one for you
I know you've been lonely, want someone to hold me
Thinking I could be the one for you

[Build]
I know that you're lonely, want someone to hold me
You know I could be the one for you
I know you've been lonely, want someone to hold me
Thinking I could be the one for you

[Drop]
I know that you're lonely, want someone to hold me
You know I could be the one for you
I know you've been lonely, want someone to hold me
Thinking I could be the one for you"
1BJrOKYwBquCz9qvd4NKbZ,ILYAA,Supa Dupa Fly,2025,hypertechno techno,Lyrics not found
6L5xbckRDXIf5K1pwTaGkD,David Guetta,Satisfaction - Hardwell & Maddix Remix,2023,edm dance,"4 ContributorsSatisfaction (Hardwell & Maddix Remix) Lyrics[Verse]
Push me and then just touch me
'Til I can get my satisfaction
Push me and then just touch me
'Til I can get my satisfaction
Push me and then just touch me
'Til I can get my satisfaction
Push me and then just touch me
'Til I can get my satisfaction, satisfaction

[Drop]
Push, push, push, push, push, push, push, push
Push, push, push, push, push, push, push, push
Push, push, push, push, push, push, push, push
Push, push, push, push, push, push, push, push
Push, push, push, push, push, push, push, push
Push, push, push, push, push, push, push, push

[Verse]
Push me and then just touch me
'Til I can get my satisfaction
Push me and then just touch me
'Til I can get my satisfaction
Push me and then just touch me
'Til I can get my satisfaction
Push me and then just touch me
'Til I can get my satisfaction


[Build]
Satisfaction, satisfaction, satisfaction, satisfaction
Satisfaction, satisfaction, satisfaction, satisfaction
Satisfaction, satisfaction, satisfaction, satisfaction
Satisfaction, satisfaction, satisfaction
Push, push, push, push

[Drop]
Push, push, push

[Outro]
Push me and then just touch me
'Til I can get my satisfaction
Push me and then just touch me
'Til I can get my satisfaction"
2HJ3rSQyPZXw7BPWHqU9Im,Braaheim,Another Way,2024,slap house,Lyrics not found
1eMUGMEWrvTXYWrPobq2dH,Maddix,Heute Nacht,2022,big room techno hard techno acid techno hypertechno,Lyrics not found
2CeMzUrbykkE7QWA3qlXvx,ILYAA,Rockafeller Skank,2024,hypertechno techno,Lyrics not found
